article_id,topic_id,category_label,percentage
1,2,education_social,95.95
2,2,education_social,96.21
3,0,local_politics,30.91
3,2,education_social,66.44
4,0,local_politics,63.07
4,3,crime_news,36.47
5,0,local_politics,97.54
6,0,local_politics,30.12
6,4,sport_cultural_events,53.54
7,2,education_social,20.6
7,4,sport_cultural_events,77.41
8,3,crime_news,90.21
9,4,sport_cultural_events,92.56
10,0,local_politics,70.54
10,2,education_social,24.29
11,0,local_politics,38.21
11,2,education_social,59.14
12,2,education_social,40.12
12,3,crime_news,23.84
12,4,sport_cultural_events,28.7
13,0,local_politics,97.25
14,2,education_social,23.23
14,3,crime_news,38.26
14,4,sport_cultural_events,21.55
15,1,justice,21.33
15,2,education_social,21.64
15,3,crime_news,43.52
16,0,local_politics,96.07
17,3,crime_news,97.69
18,0,local_politics,73.16
18,3,crime_news,26.28
19,1,justice,57.73
19,3,crime_news,31.7
20,0,local_politics,94.71
21,3,crime_news,92.52
22,2,education_social,74.65
22,3,crime_news,25.04
23,3,crime_news,97.6
24,2,education_social,61.92
24,3,crime_news,35.52
25,0,local_politics,84.05
26,4,sport_cultural_events,95.52
27,0,local_politics,31.34
27,2,education_social,60.49
28,3,crime_news,22.57
28,4,sport_cultural_events,59.27
29,2,education_social,44.97
29,3,crime_news,51.95
30,2,education_social,52.15
30,3,crime_news,44.63
31,0,local_politics,45.51
31,2,education_social,22.62
31,4,sport_cultural_events,29.78
32,4,sport_cultural_events,73.02
33,0,local_politics,67.64
33,3,crime_news,20.75
34,0,local_politics,94.02
35,4,sport_cultural_events,81.31
36,2,education_social,97.61
37,2,education_social,98.94
38,0,local_politics,71.7
38,4,sport_cultural_events,23.9
39,2,education_social,80.77
40,4,sport_cultural_events,84.91
41,3,crime_news,97.47
42,4,sport_cultural_events,96.72
43,1,justice,78.29
44,2,education_social,71.59
44,4,sport_cultural_events,25.79
45,0,local_politics,89.34
46,3,crime_news,85.18
47,0,local_politics,57.83
47,3,crime_news,40.8
48,0,local_politics,31.34
48,4,sport_cultural_events,66.37
49,0,local_politics,96.38
50,0,local_politics,96.38
51,3,crime_news,90.61
52,0,local_politics,55.31
52,4,sport_cultural_events,30.42
53,4,sport_cultural_events,85.84
54,2,education_social,27.69
54,4,sport_cultural_events,60.79
56,0,local_politics,72.36
56,1,justice,22.73
57,0,local_politics,26.02
57,4,sport_cultural_events,67.79
58,4,sport_cultural_events,65.77
61,4,sport_cultural_events,82.21
62,0,local_politics,29.25
62,4,sport_cultural_events,69.21
63,1,justice,30.72
63,3,crime_news,67.64
64,1,justice,86.44
65,3,crime_news,22.76
65,4,sport_cultural_events,63.47
69,1,justice,84.1
70,2,education_social,31.84
70,4,sport_cultural_events,57.88
73,2,education_social,48.04
73,3,crime_news,41.12
74,0,local_politics,26.25
74,2,education_social,41.44
74,3,crime_news,25.05
75,0,local_politics,47.28
75,3,crime_news,29.83
77,2,education_social,96.21
78,0,local_politics,74.69
78,3,crime_news,25.05
79,3,crime_news,99.08
82,2,education_social,89.84
83,0,local_politics,23.23
83,4,sport_cultural_events,74.28
84,2,education_social,49.79
84,3,crime_news,25.9
85,2,education_social,30.26
85,4,sport_cultural_events,64.85
86,0,local_politics,63.51
86,3,crime_news,36.23
87,0,local_politics,20.45
87,2,education_social,43.96
87,3,crime_news,20.39
88,2,education_social,64.35
88,3,crime_news,20.51
89,0,local_politics,29.57
89,3,crime_news,63.41
90,4,sport_cultural_events,78.42
91,0,local_politics,29.57
91,2,education_social,51.42
93,4,sport_cultural_events,67.17
94,1,justice,75.26
95,2,education_social,60.7
96,0,local_politics,97.54
97,0,local_politics,70.22
97,3,crime_news,28.67
98,0,local_politics,86.35
99,0,local_politics,30.79
99,1,justice,52.19
100,0,local_politics,97.54
101,2,education_social,60.7
101,4,sport_cultural_events,34.88
103,0,local_politics,90.04
104,4,sport_cultural_events,60.38
105,0,local_politics,64.73
105,2,education_social,33.58
107,0,local_politics,76.47
108,1,justice,22.4
108,3,crime_news,67.33
109,2,education_social,40.16
109,3,crime_news,41.12
110,4,sport_cultural_events,77.64
111,3,crime_news,94.56
112,3,crime_news,97.47
113,0,local_politics,97.25
114,0,local_politics,78.96
115,0,local_politics,22.0
115,3,crime_news,42.33
115,4,sport_cultural_events,34.56
116,0,local_politics,84.05
117,0,local_politics,97.88
118,4,sport_cultural_events,86.2
119,0,local_politics,76.99
120,0,local_politics,87.86
121,3,crime_news,96.78
122,0,local_politics,26.97
122,3,crime_news,71.49
123,0,local_politics,58.51
123,2,education_social,28.15
124,3,crime_news,80.69
125,0,local_politics,30.91
125,2,education_social,66.44
126,0,local_politics,96.64
127,0,local_politics,56.03
127,3,crime_news,35.52
128,1,justice,35.29
128,2,education_social,31.52
128,3,crime_news,20.31
129,0,local_politics,62.84
129,3,crime_news,35.52
130,0,local_politics,64.3
130,4,sport_cultural_events,31.76
131,0,local_politics,20.59
131,2,education_social,57.97
132,4,sport_cultural_events,95.16
133,4,sport_cultural_events,97.17
134,2,education_social,35.04
134,4,sport_cultural_events,60.54
135,0,local_politics,96.38
136,0,local_politics,58.29
136,3,crime_news,39.45
137,0,local_politics,98.9
138,2,education_social,29.92
138,3,crime_news,52.72
139,0,local_politics,61.85
140,1,justice,36.35
140,3,crime_news,49.24
143,0,local_politics,64.3
143,3,crime_news,22.89
144,1,justice,94.8
145,3,crime_news,97.82
146,1,justice,59.21
146,3,crime_news,38.62
147,2,education_social,89.15
148,3,crime_news,81.75
149,0,local_politics,97.97
150,0,local_politics,71.58
150,3,crime_news,20.51
151,2,education_social,35.04
151,4,sport_cultural_events,51.98
152,1,justice,38.67
152,4,sport_cultural_events,45.1
153,0,local_politics,21.03
153,2,education_social,73.89
154,2,education_social,58.46
154,3,crime_news,20.39
155,2,education_social,74.03
156,3,crime_news,37.89
156,4,sport_cultural_events,46.46
157,2,education_social,86.12
158,0,local_politics,88.5
159,2,education_social,57.72
159,3,crime_news,40.62
160,3,crime_news,86.22
161,0,local_politics,95.26
162,0,local_politics,76.99
163,2,education_social,39.13
163,3,crime_news,59.05
164,0,local_politics,97.88
165,0,local_politics,30.06
165,3,crime_news,64.43
166,3,crime_news,81.63
167,3,crime_news,99.13
168,3,crime_news,93.51
169,2,education_social,66.51
169,3,crime_news,21.42
170,0,local_politics,62.84
170,1,justice,20.88
171,4,sport_cultural_events,76.57
172,2,education_social,55.92
172,4,sport_cultural_events,40.01
173,3,crime_news,99.07
174,0,local_politics,76.45
174,4,sport_cultural_events,20.95
175,0,local_politics,52.18
175,4,sport_cultural_events,28.7
176,4,sport_cultural_events,87.99
177,2,education_social,95.95
178,0,local_politics,87.51
179,2,education_social,86.36
180,2,education_social,34.69
180,3,crime_news,62.75
181,4,sport_cultural_events,88.18
182,2,education_social,38.68
182,4,sport_cultural_events,44.6
183,3,crime_news,95.57
184,3,crime_news,74.63
184,4,sport_cultural_events,22.48
185,2,education_social,24.4
185,3,crime_news,72.63
186,0,local_politics,88.5
187,0,local_politics,53.98
187,4,sport_cultural_events,31.76
188,0,local_politics,96.07
189,0,local_politics,92.59
190,0,local_politics,33.34
190,3,crime_news,64.75
191,3,crime_news,96.27
192,2,education_social,52.59
192,3,crime_news,43.52
193,1,justice,30.61
193,3,crime_news,68.44
194,4,sport_cultural_events,98.69
195,3,crime_news,87.44
196,1,justice,95.44
197,3,crime_news,80.11
198,3,crime_news,97.17
199,0,local_politics,52.46
199,3,crime_news,33.25
200,2,education_social,95.95
201,3,crime_news,98.29
202,1,justice,25.73
202,3,crime_news,72.21
203,1,justice,20.88
203,4,sport_cultural_events,75.4
204,4,sport_cultural_events,87.28
205,0,local_politics,74.62
205,4,sport_cultural_events,21.44
206,3,crime_news,85.18
207,0,local_politics,91.75
209,0,local_politics,92.94
210,0,local_politics,79.27
211,4,sport_cultural_events,86.06
212,2,education_social,49.74
212,4,sport_cultural_events,31.11
213,0,local_politics,43.66
213,4,sport_cultural_events,52.39
214,0,local_politics,73.28
214,3,crime_news,25.27
215,0,local_politics,55.31
215,3,crime_news,43.24
216,3,crime_news,95.57
217,3,crime_news,96.98
218,3,crime_news,99.25
219,3,crime_news,96.78
220,3,crime_news,94.56
222,3,crime_news,95.57
223,0,local_politics,32.77
223,2,education_social,64.91
224,3,crime_news,85.18
225,0,local_politics,74.62
225,3,crime_news,22.89
226,2,education_social,70.72
226,3,crime_news,26.88
227,0,local_politics,82.03
228,3,crime_news,84.8
229,0,local_politics,54.22
229,2,education_social,44.97
230,3,crime_news,85.18
231,0,local_politics,94.02
232,2,education_social,95.66
233,4,sport_cultural_events,85.27
234,0,local_politics,77.95
235,2,education_social,41.94
235,3,crime_news,56.33
236,0,local_politics,97.4
237,0,local_politics,88.5
238,0,local_politics,60.09
238,3,crime_news,38.62
239,0,local_politics,88.29
240,0,local_politics,97.4
241,0,local_politics,22.0
241,3,crime_news,49.13
242,0,local_politics,53.3
242,1,justice,43.34
243,0,local_politics,76.95
243,3,crime_news,22.03
244,3,crime_news,88.73
245,0,local_politics,82.03
246,3,crime_news,96.98
247,3,crime_news,86.02
248,4,sport_cultural_events,88.21
249,0,local_politics,47.13
249,2,education_social,24.93
249,4,sport_cultural_events,27.67
250,3,crime_news,95.95
251,3,crime_news,95.95
252,0,local_politics,90.06
253,3,crime_news,96.78
254,1,justice,25.73
254,2,education_social,51.28
254,3,crime_news,21.42
255,3,crime_news,96.98
256,0,local_politics,97.54
257,0,local_politics,82.03
258,4,sport_cultural_events,90.33
259,2,education_social,48.04
259,3,crime_news,33.24
260,2,education_social,80.61
261,0,local_politics,34.43
261,2,education_social,48.26
262,0,local_politics,30.37
262,2,education_social,68.58
263,0,local_politics,27.64
263,3,crime_news,70.29
264,0,local_politics,80.62
265,0,local_politics,96.64
266,0,local_politics,97.4
267,0,local_politics,96.07
269,2,education_social,70.07
270,0,local_politics,76.99
270,3,crime_news,20.75
271,0,local_politics,33.34
271,3,crime_news,41.12
271,4,sport_cultural_events,24.25
272,0,local_politics,67.19
272,2,education_social,20.81
273,3,crime_news,96.91
274,2,education_social,25.88
274,3,crime_news,72.21
275,0,local_politics,80.35
276,0,local_politics,96.07
277,0,local_politics,89.34
278,0,local_politics,87.51
279,4,sport_cultural_events,97.1
280,2,education_social,97.13
282,0,local_politics,53.9
282,3,crime_news,45.03
283,0,local_politics,90.7
284,0,local_politics,44.75
284,1,justice,43.34
285,0,local_politics,60.98
285,2,education_social,38.44
286,0,local_politics,89.34
287,0,local_politics,72.08
287,2,education_social,24.93
288,4,sport_cultural_events,94.26
289,0,local_politics,65.2
290,0,local_politics,88.5
291,4,sport_cultural_events,85.49
293,3,crime_news,98.08
294,3,crime_news,98.35
295,0,local_politics,98.14
296,3,crime_news,82.6
297,3,crime_news,95.57
298,3,crime_news,95.57
299,0,local_politics,78.96
300,4,sport_cultural_events,84.34
301,1,justice,58.92
301,4,sport_cultural_events,37.09
302,0,local_politics,29.01
302,3,crime_news,67.84
303,3,crime_news,67.31
304,0,local_politics,37.12
304,2,education_social,51.18
305,3,crime_news,81.42
306,1,justice,44.32
306,3,crime_news,52.72
307,3,crime_news,74.97
308,0,local_politics,61.3
308,3,crime_news,37.25
309,0,local_politics,39.71
309,2,education_social,38.86
309,3,crime_news,20.51
310,1,justice,77.56
311,4,sport_cultural_events,89.02
312,2,education_social,75.73
313,4,sport_cultural_events,94.75
314,3,crime_news,79.19
315,3,crime_news,96.27
316,3,crime_news,96.27
318,0,local_politics,86.84
319,3,crime_news,95.29
320,0,local_politics,70.22
320,3,crime_news,28.67
321,1,justice,68.21
321,2,education_social,23.16
322,1,justice,54.32
322,3,crime_news,43.24
323,0,local_politics,94.02
324,0,local_politics,81.49
325,0,local_politics,80.62
326,0,local_politics,96.87
327,3,crime_news,89.24
328,0,local_politics,93.84
329,3,crime_news,41.12
329,4,sport_cultural_events,47.89
330,0,local_politics,22.0
330,3,crime_news,76.36
331,4,sport_cultural_events,84.34
332,3,crime_news,96.98
333,0,local_politics,84.32
334,0,local_politics,87.51
335,1,justice,24.76
335,4,sport_cultural_events,65.95
336,3,crime_news,92.52
337,0,local_politics,82.43
338,0,local_politics,36.72
338,3,crime_news,56.97
339,0,local_politics,20.59
339,1,justice,57.79
339,3,crime_news,20.51
340,3,crime_news,98.6
341,3,crime_news,90.73
342,3,crime_news,97.33
343,3,crime_news,81.63
344,3,crime_news,87.44
345,3,crime_news,82.36
346,0,local_politics,27.46
346,4,sport_cultural_events,70.85
347,0,local_politics,60.12
347,4,sport_cultural_events,37.09
348,4,sport_cultural_events,78.19
349,4,sport_cultural_events,94.26
350,2,education_social,73.23
350,4,sport_cultural_events,21.44
351,2,education_social,38.86
351,3,crime_news,58.75
352,3,crime_news,87.44
353,3,crime_news,94.56
354,3,crime_news,97.17
355,3,crime_news,98.78
356,3,crime_news,97.72
357,0,local_politics,88.11
358,4,sport_cultural_events,87.28
359,2,education_social,24.4
359,4,sport_cultural_events,71.53
360,2,education_social,36.53
360,3,crime_news,61.22
361,0,local_politics,88.5
362,0,local_politics,26.97
362,4,sport_cultural_events,70.6
363,0,local_politics,96.87
364,0,local_politics,90.06
365,0,local_politics,67.64
365,3,crime_news,30.1
366,0,local_politics,95.7
367,3,crime_news,96.54
368,0,local_politics,97.07
369,1,justice,71.45
369,3,crime_news,25.36
370,1,justice,71.45
371,3,crime_news,70.72
372,2,education_social,49.15
372,3,crime_news,41.3
373,0,local_politics,56.03
373,3,crime_news,28.71
374,0,local_politics,58.29
374,4,sport_cultural_events,38.14
375,0,local_politics,64.86
375,4,sport_cultural_events,32.13
376,0,local_politics,89.34
377,2,education_social,65.81
377,3,crime_news,30.96
378,0,local_politics,77.95
378,3,crime_news,20.51
379,0,local_politics,94.71
380,0,local_politics,83.2
381,3,crime_news,96.78
382,0,local_politics,52.18
382,2,education_social,45.77
383,2,education_social,22.62
383,3,crime_news,23.5
383,4,sport_cultural_events,51.69
384,2,education_social,31.96
384,3,crime_news,22.89
384,4,sport_cultural_events,21.44
385,0,local_politics,36.19
385,2,education_social,63.5
386,3,crime_news,96.27
387,3,crime_news,80.37
388,0,local_politics,76.99
389,0,local_politics,37.9
389,2,education_social,61.78
390,3,crime_news,96.98
391,0,local_politics,96.07
392,0,local_politics,72.74
392,1,justice,24.17
393,0,local_politics,86.84
394,0,local_politics,65.2
394,3,crime_news,33.25
395,0,local_politics,56.03
395,4,sport_cultural_events,41.37
396,0,local_politics,33.34
396,1,justice,64.16
397,0,local_politics,39.71
397,1,justice,57.79
398,1,justice,77.65
398,3,crime_news,20.39
399,1,justice,85.96
400,0,local_politics,58.83
401,1,justice,69.91
402,1,justice,95.75
403,1,justice,78.29
404,1,justice,48.33
404,3,crime_news,43.24
405,0,local_politics,69.14
405,1,justice,28.64
406,0,local_politics,60.12
406,3,crime_news,38.11
407,0,local_politics,33.34
407,1,justice,64.56
408,0,local_politics,28.8
408,4,sport_cultural_events,54.98
409,1,justice,56.2
409,2,education_social,36.04
410,1,justice,85.17
411,1,justice,48.51
411,4,sport_cultural_events,37.87
412,1,justice,86.11
413,0,local_politics,49.1
413,3,crime_news,49.0
414,2,education_social,23.5
414,3,crime_news,70.16
415,1,justice,37.81
415,3,crime_news,60.02
416,1,justice,92.15
417,0,local_politics,90.06
418,0,local_politics,74.73
418,1,justice,22.4
419,0,local_politics,97.88
420,0,local_politics,87.51
421,0,local_politics,51.63
421,4,sport_cultural_events,42.54
422,0,local_politics,26.57
422,4,sport_cultural_events,71.49
423,0,local_politics,23.92
423,3,crime_news,74.72
424,0,local_politics,38.4
424,3,crime_news,44.06
425,0,local_politics,29.29
425,2,education_social,44.94
425,3,crime_news,25.18
426,0,local_politics,51.96
426,2,education_social,30.96
427,3,crime_news,97.17
428,3,crime_news,99.32
429,0,local_politics,23.92
429,3,crime_news,57.76
430,1,justice,84.66
431,0,local_politics,58.29
431,1,justice,28.69
432,0,local_politics,98.14
433,0,local_politics,97.78
434,2,education_social,96.21
435,0,local_politics,74.83
436,3,crime_news,20.51
436,4,sport_cultural_events,64.22
437,0,local_politics,55.31
437,4,sport_cultural_events,42.4
438,3,crime_news,89.24
439,2,education_social,70.15
439,3,crime_news,25.52
440,1,justice,85.17
441,1,justice,83.28
442,0,local_politics,60.46
442,3,crime_news,28.31
443,1,justice,79.33
445,0,local_politics,34.46
445,3,crime_news,64.73
446,0,local_politics,78.75
447,3,crime_news,65.43
448,0,local_politics,97.25
449,4,sport_cultural_events,81.43
450,0,local_politics,67.64
450,2,education_social,28.97
451,0,local_politics,23.6
451,2,education_social,59.14
452,4,sport_cultural_events,87.28
453,4,sport_cultural_events,96.72
454,0,local_politics,24.26
454,2,education_social,23.73
454,4,sport_cultural_events,47.01
455,3,crime_news,86.77
456,0,local_politics,87.51
457,0,local_politics,97.07
458,0,local_politics,46.53
458,3,crime_news,52.11
459,1,justice,56.59
459,2,education_social,27.0
460,0,local_politics,97.54
461,0,local_politics,98.14
462,0,local_politics,98.21
463,3,crime_news,98.71
464,3,crime_news,97.33
465,1,justice,31.4
465,3,crime_news,63.13
466,1,justice,38.67
466,3,crime_news,52.37
467,3,crime_news,97.6
468,0,local_politics,39.71
468,3,crime_news,58.75
469,3,crime_news,26.25
469,4,sport_cultural_events,72.08
470,2,education_social,75.73
471,2,education_social,29.92
471,4,sport_cultural_events,51.69
472,0,local_politics,97.66
473,0,local_politics,49.65
473,2,education_social,33.94
474,0,local_politics,80.35
475,0,local_politics,98.06
476,0,local_politics,72.74
477,0,local_politics,94.71
478,0,local_politics,94.71
479,0,local_politics,71.58
479,2,education_social,26.11
480,0,local_politics,46.32
480,2,education_social,40.26
481,0,local_politics,67.43
481,1,justice,29.71
482,2,education_social,26.49
482,3,crime_news,53.19
483,0,local_politics,97.25
484,2,education_social,38.86
484,3,crime_news,58.75
485,3,crime_news,83.17
486,3,crime_news,97.47
487,3,crime_news,97.91
488,0,local_politics,92.59
489,0,local_politics,93.17
490,0,local_politics,49.45
490,3,crime_news,49.38
491,0,local_politics,22.64
491,3,crime_news,38.62
491,4,sport_cultural_events,37.87
492,0,local_politics,23.6
492,4,sport_cultural_events,73.61
493,1,justice,51.13
493,2,education_social,46.2
494,1,justice,88.92
495,1,justice,96.28
496,1,justice,98.57
497,0,local_politics,96.07
498,0,local_politics,97.97
499,0,local_politics,42.35
499,2,education_social,56.76
500,0,local_politics,25.09
500,1,justice,36.49
500,4,sport_cultural_events,37.96
501,0,local_politics,96.64
502,0,local_politics,25.28
502,3,crime_news,73.55
503,0,local_politics,62.84
503,3,crime_news,35.52
504,0,local_politics,43.66
504,4,sport_cultural_events,52.39
505,0,local_politics,98.21
506,0,local_politics,24.12
506,4,sport_cultural_events,74.12
507,0,local_politics,20.59
507,3,crime_news,71.49
508,3,crime_news,90.61
509,0,local_politics,85.26
510,0,local_politics,74.73
511,0,local_politics,91.25
512,3,crime_news,84.24
513,3,crime_news,97.17
514,1,justice,51.02
514,3,crime_news,47.11
515,1,justice,90.27
516,0,local_politics,24.12
516,3,crime_news,74.77
517,0,local_politics,79.15
517,2,education_social,20.09
518,0,local_politics,39.78
518,3,crime_news,59.05
519,2,education_social,55.92
519,4,sport_cultural_events,24.25
520,0,local_politics,82.53
521,3,crime_news,95.75
522,0,local_politics,97.25
523,0,local_politics,42.42
523,1,justice,54.91
524,2,education_social,61.92
524,3,crime_news,35.52
525,0,local_politics,46.53
525,3,crime_news,52.11
526,0,local_politics,33.34
526,1,justice,57.79
527,1,justice,66.31
528,0,local_politics,97.07
529,2,education_social,96.21
530,2,education_social,89.84
531,0,local_politics,33.34
531,2,education_social,63.8
532,3,crime_news,58.75
532,4,sport_cultural_events,38.73
533,0,local_politics,60.19
533,2,education_social,35.63
534,2,education_social,96.21
535,4,sport_cultural_events,79.02
536,0,local_politics,96.07
537,0,local_politics,79.44
538,0,local_politics,97.07
539,0,local_politics,72.39
539,3,crime_news,23.64
540,4,sport_cultural_events,82.53
542,0,local_politics,20.45
542,3,crime_news,78.38
543,0,local_politics,58.83
543,1,justice,33.54
544,3,crime_news,67.13
545,0,local_politics,25.46
545,1,justice,55.69
546,2,education_social,74.03
547,0,local_politics,27.99
547,2,education_social,70.07
548,3,crime_news,81.46
549,0,local_politics,32.02
549,2,education_social,67.26
550,0,local_politics,74.73
550,2,education_social,22.62
551,0,local_politics,65.44
551,3,crime_news,33.27
552,0,local_politics,21.49
552,2,education_social,20.81
552,4,sport_cultural_events,56.26
553,0,local_politics,96.87
554,0,local_politics,79.27
555,0,local_politics,77.31
556,4,sport_cultural_events,95.47
557,0,local_politics,37.18
557,3,crime_news,60.04
558,1,justice,97.37
559,0,local_politics,86.1
560,1,justice,57.06
560,3,crime_news,26.98
561,0,local_politics,96.38
562,3,crime_news,97.91
563,3,crime_news,91.67
564,0,local_politics,65.2
564,1,justice,32.29
565,2,education_social,96.82
566,0,local_politics,44.04
566,1,justice,53.86
567,0,local_politics,39.78
567,2,education_social,58.46
568,0,local_politics,96.64
569,0,local_politics,69.14
569,3,crime_news,29.5
570,0,local_politics,35.22
570,2,education_social,45.77
571,0,local_politics,56.98
571,2,education_social,40.16
572,0,local_politics,29.96
572,1,justice,52.25
574,0,local_politics,67.64
574,2,education_social,28.97
575,3,crime_news,65.37
576,3,crime_news,99.3
577,0,local_politics,84.94
578,0,local_politics,64.86
578,1,justice,32.05
579,2,education_social,90.99
580,2,education_social,42.71
580,3,crime_news,50.99
581,3,crime_news,86.22
582,2,education_social,59.02
582,3,crime_news,26.98
583,2,education_social,31.13
583,4,sport_cultural_events,58.0
584,0,local_politics,48.93
584,3,crime_news,48.81
585,0,local_politics,46.88
585,3,crime_news,51.89
586,3,crime_news,98.29
587,3,crime_news,74.77
588,1,justice,24.06
588,3,crime_news,74.87
589,0,local_politics,73.28
589,2,education_social,24.54
590,1,justice,51.62
590,4,sport_cultural_events,37.09
591,1,justice,51.25
591,3,crime_news,29.5
592,4,sport_cultural_events,96.09
593,3,crime_news,79.38
594,2,education_social,75.35
594,3,crime_news,23.0
595,0,local_politics,95.88
596,3,crime_news,96.27
597,0,local_politics,23.6
597,3,crime_news,74.63
598,0,local_politics,33.34
598,1,justice,63.57
599,3,crime_news,99.33
600,0,local_politics,23.03
600,3,crime_news,74.48
601,0,local_politics,33.34
601,2,education_social,57.97
602,0,local_politics,33.34
602,2,education_social,57.97
603,0,local_politics,39.71
603,3,crime_news,46.0
604,3,crime_news,90.73
605,1,justice,38.67
605,3,crime_news,58.75
607,0,local_politics,77.35
608,0,local_politics,64.86
608,1,justice,24.17
609,0,local_politics,25.97
609,1,justice,72.79
610,0,local_politics,20.59
610,2,education_social,64.35
611,0,local_politics,25.35
611,3,crime_news,61.22
612,4,sport_cultural_events,96.09
613,1,justice,73.77
613,3,crime_news,22.4
614,0,local_politics,67.89
614,3,crime_news,20.22
615,3,crime_news,96.78
616,0,local_politics,25.24
616,4,sport_cultural_events,69.16
617,3,crime_news,60.01
617,4,sport_cultural_events,21.43
619,2,education_social,81.19
620,3,crime_news,89.97
621,4,sport_cultural_events,54.07
622,2,education_social,42.34
622,3,crime_news,41.42
623,3,crime_news,69.06
624,0,local_politics,29.66
624,2,education_social,35.62
624,4,sport_cultural_events,33.15
626,2,education_social,40.02
626,3,crime_news,37.88
627,0,local_politics,85.34
628,0,local_politics,83.26
629,0,local_politics,69.14
629,4,sport_cultural_events,23.05
630,0,local_politics,93.57
631,0,local_politics,82.03
632,0,local_politics,45.33
632,3,crime_news,54.31
633,0,local_politics,88.5
634,0,local_politics,98.4
635,0,local_politics,77.95
635,3,crime_news,20.51
636,0,local_politics,84.05
637,0,local_politics,79.27
638,0,local_politics,93.57
639,0,local_politics,89.16
640,1,justice,51.25
640,3,crime_news,23.84
641,0,local_politics,52.46
641,4,sport_cultural_events,38.73
642,3,crime_news,86.72
643,4,sport_cultural_events,92.02
644,0,local_politics,84.32
645,3,crime_news,81.57
646,3,crime_news,86.22
647,3,crime_news,86.22
648,3,crime_news,89.97
649,0,local_politics,97.25
650,3,crime_news,92.93
651,3,crime_news,88.39
652,3,crime_news,81.12
653,3,crime_news,53.84
653,4,sport_cultural_events,42.07
654,2,education_social,32.28
654,4,sport_cultural_events,55.77
655,0,local_politics,85.26
656,0,local_politics,97.88
657,3,crime_news,97.33
658,0,local_politics,35.61
658,2,education_social,21.08
658,3,crime_news,42.33
659,0,local_politics,96.02
660,0,local_politics,56.03
660,2,education_social,27.89
661,0,local_politics,85.26
662,0,local_politics,97.25
663,2,education_social,93.87
664,0,local_politics,25.94
664,1,justice,68.39
665,3,crime_news,98.23
666,2,education_social,89.84
667,0,local_politics,28.15
667,3,crime_news,70.91
668,3,crime_news,97.47
669,3,crime_news,89.81
670,2,education_social,58.2
670,4,sport_cultural_events,22.57
671,1,justice,89.65
672,0,local_politics,74.62
672,1,justice,21.33
673,3,crime_news,81.3
674,0,local_politics,45.83
674,3,crime_news,49.75
675,0,local_politics,56.48
675,4,sport_cultural_events,42.96
676,0,local_politics,82.53
677,2,education_social,28.52
677,3,crime_news,30.16
677,4,sport_cultural_events,21.13
678,4,sport_cultural_events,97.41
679,0,local_politics,46.09
679,1,justice,51.41
680,2,education_social,53.63
680,3,crime_news,34.88
681,0,local_politics,67.29
682,1,justice,66.31
682,3,crime_news,31.26
683,0,local_politics,86.1
684,4,sport_cultural_events,96.53
685,3,crime_news,92.52
686,0,local_politics,74.79
686,2,education_social,23.16
687,3,crime_news,95.57
688,1,justice,88.14
689,1,justice,87.2
690,0,local_politics,80.35
691,0,local_politics,35.22
691,4,sport_cultural_events,56.96
692,0,local_politics,78.96
693,1,justice,42.34
693,2,education_social,30.54
694,0,local_politics,21.25
694,4,sport_cultural_events,72.64
695,1,justice,71.44
695,3,crime_news,26.5
696,0,local_politics,64.86
696,2,education_social,32.28
697,2,education_social,52.59
697,3,crime_news,43.52
699,4,sport_cultural_events,83.35
700,2,education_social,43.6
700,4,sport_cultural_events,34.88
701,0,local_politics,49.22
701,2,education_social,41.5
702,3,crime_news,89.97
703,0,local_politics,38.69
703,3,crime_news,38.62
704,3,crime_news,96.54
705,3,crime_news,96.98
706,1,justice,26.24
706,3,crime_news,61.74
707,3,crime_news,89.52
708,3,crime_news,84.24
709,3,crime_news,81.94
710,3,crime_news,97.17
711,3,crime_news,87.4
712,0,local_politics,45.51
712,4,sport_cultural_events,51.69
713,0,local_politics,39.71
713,2,education_social,57.97
714,0,local_politics,73.25
714,4,sport_cultural_events,25.18
715,1,justice,47.01
715,3,crime_news,37.99
716,0,local_politics,68.3
717,0,local_politics,96.87
718,0,local_politics,71.58
718,2,education_social,26.11
719,3,crime_news,98.08
720,1,justice,59.21
720,2,education_social,37.97
721,0,local_politics,67.43
721,3,crime_news,30.81
722,0,local_politics,63.87
722,1,justice,35.55
723,0,local_politics,90.7
724,2,education_social,87.47
725,4,sport_cultural_events,96.08
729,0,local_politics,71.58
729,3,crime_news,26.88
730,2,education_social,93.87
731,2,education_social,81.66
732,2,education_social,53.33
732,3,crime_news,41.68
733,3,crime_news,87.4
734,3,crime_news,86.22
735,2,education_social,32.48
735,3,crime_news,65.12
736,2,education_social,27.89
736,4,sport_cultural_events,54.98
737,2,education_social,41.47
737,3,crime_news,55.04
738,3,crime_news,81.94
739,1,justice,45.21
739,3,crime_news,49.52
741,1,justice,88.92
742,0,local_politics,25.35
742,1,justice,72.3
743,0,local_politics,49.22
743,3,crime_news,49.13
745,2,education_social,41.64
745,4,sport_cultural_events,51.56
746,0,local_politics,91.25
747,0,local_politics,33.34
747,2,education_social,63.8
748,1,justice,41.94
748,3,crime_news,52.14
749,4,sport_cultural_events,93.95
751,1,justice,29.71
751,3,crime_news,60.02
752,3,crime_news,68.25
753,3,crime_news,97.82
754,0,local_politics,30.48
754,3,crime_news,69.0
755,0,local_politics,84.57
756,0,local_politics,38.21
756,4,sport_cultural_events,51.69
757,0,local_politics,31.34
757,1,justice,66.31
758,2,education_social,27.26
758,3,crime_news,28.84
758,4,sport_cultural_events,40.01
759,2,education_social,31.96
759,4,sport_cultural_events,62.71
760,0,local_politics,97.12
761,0,local_politics,61.3
761,3,crime_news,37.25
762,0,local_politics,96.38
763,3,crime_news,97.17
764,3,crime_news,87.4
765,2,education_social,83.47
766,3,crime_news,96.54
767,3,crime_news,91.17
768,3,crime_news,97.71
769,0,local_politics,74.73
769,3,crime_news,23.5
770,0,local_politics,55.31
770,1,justice,42.34
771,0,local_politics,97.66
772,3,crime_news,85.05
773,0,local_politics,97.4
774,3,crime_news,95.95
775,3,crime_news,91.67
776,3,crime_news,87.4
777,3,crime_news,97.33
778,3,crime_news,79.49
780,2,education_social,22.02
780,3,crime_news,76.62
781,0,local_politics,96.07
782,3,crime_news,83.21
783,3,crime_news,93.21
784,2,education_social,97.63
785,2,education_social,23.58
785,4,sport_cultural_events,57.72
786,3,crime_news,76.36
787,3,crime_news,86.22
788,3,crime_news,93.57
789,0,local_politics,84.32
790,0,local_politics,49.22
790,3,crime_news,42.33
791,0,local_politics,86.03
792,0,local_politics,42.39
792,1,justice,20.68
792,4,sport_cultural_events,30.07
793,3,crime_news,88.05
794,0,local_politics,67.19
794,4,sport_cultural_events,25.79
795,0,local_politics,63.95
796,4,sport_cultural_events,89.41
797,4,sport_cultural_events,93.67
798,3,crime_news,96.54
799,0,local_politics,31.65
799,3,crime_news,56.97
801,0,local_politics,52.89
801,1,justice,44.87
802,0,local_politics,52.46
802,1,justice,32.29
803,0,local_politics,64.86
803,1,justice,32.05
804,2,education_social,79.27
805,0,local_politics,28.8
805,3,crime_news,69.55
806,0,local_politics,44.75
806,1,justice,26.24
806,3,crime_news,27.53
807,0,local_politics,55.31
807,1,justice,42.34
808,0,local_politics,60.09
808,1,justice,27.11
809,3,crime_news,88.39
810,0,local_politics,36.72
810,2,education_social,56.35
811,3,crime_news,97.6
814,0,local_politics,29.94
814,2,education_social,67.21
815,3,crime_news,95.95
816,4,sport_cultural_events,94.26
817,1,justice,38.67
817,3,crime_news,58.75
818,3,crime_news,76.36
819,3,crime_news,76.9
820,2,education_social,45.4
820,4,sport_cultural_events,52.45
821,4,sport_cultural_events,96.09
822,0,local_politics,72.27
822,3,crime_news,26.5
823,0,local_politics,43.6
823,2,education_social,49.49
824,0,local_politics,96.07
825,0,local_politics,21.73
825,1,justice,54.3
825,2,education_social,21.47
826,4,sport_cultural_events,84.91
827,1,justice,37.01
827,3,crime_news,60.02
828,0,local_politics,33.34
828,4,sport_cultural_events,55.77
830,4,sport_cultural_events,95.82
831,2,education_social,96.72
832,2,education_social,64.72
832,4,sport_cultural_events,32.52
833,0,local_politics,41.22
833,3,crime_news,41.12
834,0,local_politics,38.21
834,3,crime_news,60.02
835,3,crime_news,96.47
836,0,local_politics,20.12
836,3,crime_news,79.56
837,3,crime_news,97.33
838,3,crime_news,98.92
839,3,crime_news,97.6
840,3,crime_news,97.6
841,3,crime_news,86.22
842,3,crime_news,97.91
843,0,local_politics,27.99
843,2,education_social,59.37
844,0,local_politics,28.0
844,1,justice,41.35
845,0,local_politics,41.8
845,3,crime_news,56.97
846,0,local_politics,39.82
846,3,crime_news,55.34
847,0,local_politics,30.84
847,3,crime_news,49.52
848,2,education_social,22.96
848,3,crime_news,74.43
849,0,local_politics,25.46
849,4,sport_cultural_events,55.77
850,0,local_politics,82.43
851,0,local_politics,92.59
852,0,local_politics,66.46
852,1,justice,33.18
853,0,local_politics,57.45
853,2,education_social,36.29
854,0,local_politics,96.07
855,1,justice,33.5
855,3,crime_news,49.38
856,0,local_politics,60.09
856,4,sport_cultural_events,21.81
857,4,sport_cultural_events,84.75
858,4,sport_cultural_events,90.33
859,4,sport_cultural_events,96.53
860,4,sport_cultural_events,96.53
861,0,local_politics,30.12
861,4,sport_cultural_events,68.04
862,4,sport_cultural_events,90.33
863,4,sport_cultural_events,93.67
865,3,crime_news,25.52
865,4,sport_cultural_events,58.42
866,4,sport_cultural_events,95.52
867,4,sport_cultural_events,95.82
868,4,sport_cultural_events,86.29
869,2,education_social,50.45
869,4,sport_cultural_events,39.64
870,4,sport_cultural_events,79.4
871,1,justice,47.4
871,3,crime_news,48.81
872,0,local_politics,27.99
872,4,sport_cultural_events,69.97
873,4,sport_cultural_events,80.33
874,0,local_politics,74.93
879,0,local_politics,49.72
879,1,justice,46.86
880,4,sport_cultural_events,97.17
881,2,education_social,95.32
882,4,sport_cultural_events,87.28
883,0,local_politics,35.61
883,2,education_social,55.11
884,2,education_social,83.47
885,2,education_social,68.73
885,4,sport_cultural_events,27.75
886,3,crime_news,73.2
887,2,education_social,95.66
888,0,local_politics,97.66
889,4,sport_cultural_events,79.73
890,3,crime_news,85.89
891,0,local_politics,99.51
892,0,local_politics,99.51
893,2,education_social,24.74
893,4,sport_cultural_events,66.49
894,4,sport_cultural_events,75.55
896,4,sport_cultural_events,84.34
897,4,sport_cultural_events,72.77
898,0,local_politics,97.07
899,2,education_social,55.15
899,3,crime_news,23.39
900,0,local_politics,91.25
901,2,education_social,73.95
901,3,crime_news,22.32
902,0,local_politics,20.45
902,2,education_social,66.33
903,2,education_social,72.47
904,2,education_social,88.04
905,2,education_social,97.26
906,0,local_politics,80.62
907,4,sport_cultural_events,71.53
908,0,local_politics,25.46
908,3,crime_news,64.75
909,3,crime_news,38.62
909,4,sport_cultural_events,59.27
910,4,sport_cultural_events,95.82
911,2,education_social,60.49
911,3,crime_news,37.25
912,0,local_politics,67.29
913,3,crime_news,83.17
914,1,justice,75.26
915,2,education_social,98.38
916,2,education_social,95.65
917,0,local_politics,89.34
918,0,local_politics,92.19
919,1,justice,90.27
920,0,local_politics,60.09
920,3,crime_news,22.57
921,0,local_politics,81.49
922,0,local_politics,96.87
923,4,sport_cultural_events,96.53
924,4,sport_cultural_events,84.34
925,2,education_social,83.87
926,3,crime_news,60.02
926,4,sport_cultural_events,29.78
927,3,crime_news,76.36
928,3,crime_news,84.24
929,0,local_politics,80.18
930,0,local_politics,39.58
930,3,crime_news,58.16
931,0,local_politics,60.75
932,0,local_politics,82.03
933,0,local_politics,69.14
933,3,crime_news,29.5
934,0,local_politics,63.49
934,3,crime_news,35.15
935,0,local_politics,92.94
936,3,crime_news,71.47
937,0,local_politics,72.74
938,4,sport_cultural_events,73.61
939,0,local_politics,42.56
939,1,justice,23.36
939,3,crime_news,33.28
940,1,justice,40.97
940,3,crime_news,56.97
941,0,local_politics,20.87
941,3,crime_news,76.87
942,2,education_social,90.45
943,2,education_social,76.19
944,0,local_politics,47.61
944,1,justice,50.86
945,1,justice,36.35
945,2,education_social,48.51
946,1,justice,87.01
947,0,local_politics,70.41
948,2,education_social,60.66
948,4,sport_cultural_events,26.24
949,2,education_social,92.65
950,0,local_politics,70.41
951,0,local_politics,29.57
951,1,justice,34.3
951,2,education_social,34.46
952,0,local_politics,96.64
953,0,local_politics,86.35
954,0,local_politics,53.55
954,2,education_social,21.82
954,3,crime_news,24.54
955,0,local_politics,89.34
956,0,local_politics,63.49
956,3,crime_news,35.15
957,0,local_politics,83.26
958,0,local_politics,97.54
959,4,sport_cultural_events,96.88
960,0,local_politics,86.1
961,3,crime_news,65.55
962,2,education_social,36.53
962,3,crime_news,61.22
963,0,local_politics,86.35
964,0,local_politics,94.02
965,3,crime_news,48.81
965,4,sport_cultural_events,47.49
966,4,sport_cultural_events,98.92
967,0,local_politics,76.45
968,3,crime_news,89.24
969,3,crime_news,67.33
970,3,crime_news,84.8
971,0,local_politics,40.88
971,4,sport_cultural_events,56.96
972,0,local_politics,20.89
972,2,education_social,27.02
972,4,sport_cultural_events,51.89
973,1,justice,89.65
974,1,justice,96.02
975,0,local_politics,63.24
975,3,crime_news,33.15
976,0,local_politics,65.69
976,1,justice,20.8
977,0,local_politics,80.52
978,3,crime_news,80.51
979,2,education_social,81.66
980,2,education_social,97.26
981,2,education_social,97.26
982,0,local_politics,23.03
982,4,sport_cultural_events,73.03
983,4,sport_cultural_events,93.67
984,2,education_social,74.03
985,1,justice,27.69
985,2,education_social,68.73
986,0,local_politics,90.7
987,0,local_politics,20.59
987,2,education_social,64.35
988,3,crime_news,84.8
989,3,crime_news,69.65
990,3,crime_news,97.47
991,3,crime_news,90.53
992,3,crime_news,90.61
993,3,crime_news,96.98
994,3,crime_news,96.55
995,3,crime_news,95.57
996,3,crime_news,78.85
997,3,crime_news,96.78
998,1,justice,43.16
998,3,crime_news,54.67
999,0,local_politics,25.16
999,1,justice,73.77
1000,0,local_politics,49.1
1000,1,justice,47.81
1001,0,local_politics,53.3
1001,1,justice,43.34
1002,3,crime_news,89.97
1003,3,crime_news,97.6
1004,3,crime_news,45.42
1004,4,sport_cultural_events,51.69
1005,3,crime_news,95.57
1006,3,crime_news,95.12
1007,3,crime_news,97.45
1008,3,crime_news,96.27
1009,3,crime_news,94.56
1010,3,crime_news,95.57
1011,3,crime_news,95.57
1012,3,crime_news,96.78
1013,3,crime_news,89.97
1014,3,crime_news,95.95
1016,3,crime_news,76.36
1017,3,crime_news,94.56
1018,3,crime_news,98.6
1019,3,crime_news,95.57
1020,3,crime_news,91.67
1021,3,crime_news,93.47
1022,3,crime_news,96.78
1023,3,crime_news,98.41
1024,3,crime_news,85.12
1025,3,crime_news,84.41
1026,3,crime_news,95.57
1027,3,crime_news,79.19
1028,3,crime_news,90.61
1029,3,crime_news,98.41
1031,2,education_social,22.62
1031,3,crime_news,67.33
1032,3,crime_news,97.47
1033,3,crime_news,97.47
1034,0,local_politics,90.7
1035,0,local_politics,20.59
1035,1,justice,51.41
1035,2,education_social,26.11
1036,2,education_social,53.75
1037,1,justice,54.49
1037,3,crime_news,26.81
1038,0,local_politics,96.38
1039,3,crime_news,90.73
1040,0,local_politics,78.45
1041,2,education_social,24.4
1041,3,crime_news,72.63
1042,4,sport_cultural_events,88.21
1043,0,local_politics,51.75
1043,2,education_social,43.59
1045,3,crime_news,88.6
1046,2,education_social,68.73
1046,3,crime_news,28.71
1047,3,crime_news,96.98
1048,0,local_politics,81.3
1049,0,local_politics,26.23
1049,2,education_social,68.65
1051,3,crime_news,97.33
1052,3,crime_news,96.78
1053,3,crime_news,99.21
1054,0,local_politics,96.07
1055,3,crime_news,20.26
1055,4,sport_cultural_events,73.91
1056,2,education_social,95.95
1057,0,local_politics,97.97
1058,2,education_social,28.81
1058,4,sport_cultural_events,68.27
1059,1,justice,90.27
1060,0,local_politics,37.33
1060,2,education_social,60.49
1061,0,local_politics,85.4
1062,4,sport_cultural_events,81.43
1064,0,local_politics,49.72
1064,4,sport_cultural_events,46.88
1065,0,local_politics,80.62
1066,3,crime_news,55.94
1066,4,sport_cultural_events,27.75
1067,0,local_politics,76.99
1067,3,crime_news,20.75
1068,4,sport_cultural_events,97.7
1069,0,local_politics,25.46
1069,2,education_social,32.28
1069,3,crime_news,41.12
1070,0,local_politics,33.34
1070,4,sport_cultural_events,64.22
1071,0,local_politics,64.86
1071,4,sport_cultural_events,32.13
1072,2,education_social,45.77
1072,3,crime_news,46.45
1073,4,sport_cultural_events,82.21
1074,0,local_politics,70.22
1074,3,crime_news,24.06
1075,3,crime_news,96.78
1076,1,justice,31.15
1076,2,education_social,31.28
1076,3,crime_news,36.22
1077,0,local_politics,22.64
1077,3,crime_news,76.07
1078,2,education_social,34.31
1078,4,sport_cultural_events,41.9
1079,2,education_social,92.27
1080,3,crime_news,87.4
1081,0,local_politics,70.41
1081,1,justice,26.24
1082,0,local_politics,33.98
1082,4,sport_cultural_events,50.22
1083,0,local_politics,36.28
1083,3,crime_news,58.25
1084,3,crime_news,97.17
1085,4,sport_cultural_events,75.55
1086,4,sport_cultural_events,96.09
1087,4,sport_cultural_events,96.53
1088,3,crime_news,61.22
1088,4,sport_cultural_events,36.41
1089,0,local_politics,40.48
1089,2,education_social,35.22
1090,2,education_social,38.86
1090,3,crime_news,58.75
1091,3,crime_news,80.51
1092,0,local_politics,42.99
1092,2,education_social,56.39
1093,0,local_politics,76.99
1094,0,local_politics,67.43
1094,3,crime_news,30.81
1095,3,crime_news,69.55
1095,4,sport_cultural_events,27.75
1096,3,crime_news,96.54
1097,3,crime_news,95.95
1098,0,local_politics,96.64
1099,4,sport_cultural_events,75.26
1100,0,local_politics,84.23
1101,0,local_politics,48.93
1101,3,crime_news,30.1
1102,3,crime_news,44.63
1102,4,sport_cultural_events,51.98
1103,2,education_social,70.94
1103,3,crime_news,27.4
1104,4,sport_cultural_events,82.34
1105,2,education_social,94.44
1106,2,education_social,27.52
1106,4,sport_cultural_events,41.09
1107,0,local_politics,91.25
1108,4,sport_cultural_events,87.24
1109,0,local_politics,20.59
1109,3,crime_news,71.49
1111,4,sport_cultural_events,96.88
1112,2,education_social,94.92
1114,0,local_politics,90.06
1115,0,local_politics,61.78
1115,2,education_social,21.45
1116,0,local_politics,97.33
1117,0,local_politics,33.34
1117,3,crime_news,65.37
1118,0,local_politics,72.27
1118,4,sport_cultural_events,25.79
1119,4,sport_cultural_events,88.27
1120,0,local_politics,97.66
1121,2,education_social,79.8
1122,1,justice,35.89
1122,3,crime_news,46.81
1123,0,local_politics,50.79
1123,1,justice,45.32
1124,0,local_politics,48.12
1124,2,education_social,32.79
1125,2,education_social,64.72
1125,4,sport_cultural_events,21.81
1126,2,education_social,21.98
1126,3,crime_news,58.55
1127,0,local_politics,88.66
1128,0,local_politics,40.88
1128,4,sport_cultural_events,51.31
1129,0,local_politics,48.69
1129,2,education_social,47.14
1130,2,education_social,58.64
1130,4,sport_cultural_events,35.41
1131,1,justice,51.41
1131,3,crime_news,20.51
1131,4,sport_cultural_events,25.99
1132,4,sport_cultural_events,89.18
1133,0,local_politics,80.62
1134,1,justice,83.28
1135,0,local_politics,91.25
1136,1,justice,26.24
1136,3,crime_news,53.19
1137,2,education_social,68.73
1137,4,sport_cultural_events,20.95
1138,0,local_politics,35.93
1138,2,education_social,39.3
1138,3,crime_news,24.2
1139,0,local_politics,30.12
1139,2,education_social,68.13
1140,3,crime_news,38.11
1140,4,sport_cultural_events,59.0
1141,0,local_politics,96.38
1142,0,local_politics,49.39
1142,2,education_social,21.92
1142,3,crime_news,27.92
1143,3,crime_news,97.33
1144,3,crime_news,81.94
1145,1,justice,41.3
1145,3,crime_news,55.94
1146,3,crime_news,88.39
1147,3,crime_news,67.21
1148,3,crime_news,89.24
1149,2,education_social,34.46
1149,3,crime_news,46.45
1150,0,local_politics,45.51
1150,1,justice,51.62
1151,3,crime_news,84.24
1152,2,education_social,68.13
1152,3,crime_news,30.05
1153,1,justice,40.97
1153,3,crime_news,56.97
1154,3,crime_news,73.2
1155,0,local_politics,26.97
1155,3,crime_news,46.0
1155,4,sport_cultural_events,25.99
1156,2,education_social,20.75
1156,3,crime_news,65.12
1157,3,crime_news,97.6
1158,3,crime_news,97.47
1159,0,local_politics,33.34
1159,3,crime_news,52.37
1160,0,local_politics,96.38
1161,0,local_politics,96.38
1162,0,local_politics,58.83
1162,3,crime_news,33.25
1163,3,crime_news,85.18
1164,0,local_politics,30.91
1164,2,education_social,66.44
1165,0,local_politics,28.8
1165,2,education_social,55.11
1166,0,local_politics,39.71
1166,4,sport_cultural_events,51.48
1167,0,local_politics,73.84
1167,3,crime_news,25.18
1168,0,local_politics,31.51
1168,1,justice,44.01
1168,3,crime_news,20.51
1169,0,local_politics,58.48
1169,1,justice,27.21
1170,0,local_politics,78.4
1171,0,local_politics,92.59
1172,0,local_politics,25.07
1172,3,crime_news,74.65
1173,0,local_politics,68.89
1173,1,justice,26.3
1174,0,local_politics,79.27
1175,1,justice,94.66
1176,0,local_politics,46.53
1176,2,education_social,23.16
1176,4,sport_cultural_events,28.7
1177,2,education_social,85.55
1178,0,local_politics,43.37
1178,2,education_social,24.17
1178,3,crime_news,30.31
1179,0,local_politics,52.49
1179,4,sport_cultural_events,45.03
1180,1,justice,61.72
1180,3,crime_news,28.71
1181,0,local_politics,59.11
1181,2,education_social,39.13
1182,0,local_politics,96.38
1183,0,local_politics,96.38
1184,0,local_politics,65.2
1184,1,justice,32.29
1185,0,local_politics,69.68
1185,1,justice,27.4
1186,0,local_politics,76.45
1187,0,local_politics,74.79
1188,0,local_politics,52.82
1188,2,education_social,44.53
1189,0,local_politics,28.8
1189,2,education_social,48.31
1189,4,sport_cultural_events,20.95
1190,0,local_politics,52.46
1190,2,education_social,38.86
1191,0,local_politics,86.71
1192,0,local_politics,65.2
1192,3,crime_news,20.51
1193,0,local_politics,23.92
1193,4,sport_cultural_events,62.62
1194,1,justice,43.82
1194,3,crime_news,39.72
1195,0,local_politics,90.31
1196,2,education_social,88.76
1197,0,local_politics,86.1
1198,0,local_politics,84.32
1199,3,crime_news,96.78
1200,0,local_politics,96.38
1201,1,justice,24.17
1201,2,education_social,71.68
1202,0,local_politics,67.12
1202,3,crime_news,31.81
1203,0,local_politics,71.7
1203,2,education_social,24.13
1204,2,education_social,89.84
1205,2,education_social,37.75
1205,3,crime_news,55.4
1206,2,education_social,68.13
1206,3,crime_news,30.05
1207,2,education_social,68.73
1207,4,sport_cultural_events,27.75
1208,3,crime_news,97.17
1209,3,crime_news,64.75
1210,2,education_social,55.11
1210,3,crime_news,42.33
1211,0,local_politics,46.59
1211,2,education_social,49.24
1212,2,education_social,95.32
1213,3,crime_news,92.88
1214,3,crime_news,92.88
1215,0,local_politics,98.14
1216,0,local_politics,59.2
1216,2,education_social,31.66
1217,0,local_politics,78.96
1218,2,education_social,36.04
1218,3,crime_news,62.05
1219,1,justice,28.69
1219,3,crime_news,67.51
1220,3,crime_news,86.77
1221,3,crime_news,97.17
1222,3,crime_news,96.27
1223,1,justice,83.31
1224,0,local_politics,65.2
1224,3,crime_news,33.25
1225,1,justice,32.29
1225,2,education_social,26.11
1225,3,crime_news,26.88
1226,0,local_politics,96.87
1227,1,justice,92.15
1228,0,local_politics,96.64
1229,0,local_politics,77.35
1229,4,sport_cultural_events,20.71
1230,3,crime_news,98.23
1231,3,crime_news,89.98
1232,0,local_politics,97.78
1233,0,local_politics,35.61
1233,3,crime_news,62.75
1234,1,justice,65.38
1234,3,crime_news,21.55
1235,0,local_politics,69.64
1235,1,justice,27.69
1236,0,local_politics,86.1
1237,3,crime_news,74.63
1238,3,crime_news,61.63
1239,3,crime_news,95.57
1240,0,local_politics,20.2
1240,3,crime_news,79.27
1241,0,local_politics,21.49
1241,3,crime_news,77.28
1242,0,local_politics,21.49
1242,3,crime_news,77.28
1243,3,crime_news,94.56
1244,0,local_politics,52.82
1244,3,crime_news,30.81
1245,3,crime_news,94.27
1246,3,crime_news,98.16
1247,3,crime_news,84.8
1248,0,local_politics,36.8
1248,2,education_social,50.44
1249,0,local_politics,97.78
1250,0,local_politics,86.1
1251,0,local_politics,69.14
1252,0,local_politics,78.96
1253,0,local_politics,74.79
1253,3,crime_news,23.84
1254,0,local_politics,84.85
1256,3,crime_news,23.5
1256,4,sport_cultural_events,73.61
1257,3,crime_news,23.5
1257,4,sport_cultural_events,73.61
1258,0,local_politics,60.12
1258,3,crime_news,38.11
1259,0,local_politics,58.83
1259,1,justice,32.29
1260,0,local_politics,61.3
1260,3,crime_news,37.25
1262,0,local_politics,90.06
1263,3,crime_news,88.6
1264,4,sport_cultural_events,89.72
1265,0,local_politics,68.96
1265,2,education_social,20.83
1266,0,local_politics,97.25
1267,1,justice,31.59
1267,2,education_social,50.53
1268,0,local_politics,48.93
1268,4,sport_cultural_events,28.78
1269,0,local_politics,91.75
1270,0,local_politics,39.58
1270,3,crime_news,48.81
1271,3,crime_news,78.85
1272,3,crime_news,89.98
1273,0,local_politics,79.27
1274,2,education_social,41.5
1274,3,crime_news,55.94
1275,0,local_politics,84.94
1276,0,local_politics,28.8
1276,1,justice,27.69
1276,3,crime_news,28.71
1277,2,education_social,24.87
1277,3,crime_news,30.02
1277,4,sport_cultural_events,44.62
1278,2,education_social,54.5
1278,3,crime_news,37.25
1279,0,local_politics,52.18
1279,3,crime_news,35.15
1280,2,education_social,41.16
1280,3,crime_news,42.75
1281,2,education_social,45.77
1281,3,crime_news,52.11
1282,2,education_social,34.46
1282,3,crime_news,63.41
1283,0,local_politics,92.94
1284,0,local_politics,97.4
1285,0,local_politics,96.87
1286,3,crime_news,97.33
1287,3,crime_news,88.39
1289,4,sport_cultural_events,81.43
1290,0,local_politics,94.71
1291,3,crime_news,98.41
1292,1,justice,75.8
1293,4,sport_cultural_events,97.61
1294,3,crime_news,89.1
1295,4,sport_cultural_events,54.38
1296,0,local_politics,51.62
1296,1,justice,23.89
1296,2,education_social,23.95
1297,2,education_social,90.45
1298,1,justice,32.29
1298,3,crime_news,52.37
1299,0,local_politics,55.31
1299,3,crime_news,43.24
1300,3,crime_news,97.82
1301,0,local_politics,64.14
1301,2,education_social,24.84
1302,3,crime_news,99.26
1303,3,crime_news,95.95
1304,2,education_social,22.62
1304,3,crime_news,74.63
1305,0,local_politics,86.35
1306,0,local_politics,89.34
1308,3,crime_news,78.19
1309,3,crime_news,57.0
1309,4,sport_cultural_events,35.99
1310,3,crime_news,93.85
1311,0,local_politics,43.27
1311,2,education_social,48.61
1312,2,education_social,27.89
1312,3,crime_news,21.9
1312,4,sport_cultural_events,48.17
1313,2,education_social,60.31
1313,3,crime_news,23.3
1314,2,education_social,41.26
1314,3,crime_news,36.69
1314,4,sport_cultural_events,21.82
1315,4,sport_cultural_events,75.55
1316,0,local_politics,23.6
1316,2,education_social,66.44
1317,3,crime_news,96.27
1318,2,education_social,95.95
1319,3,crime_news,95.95
1320,0,local_politics,96.64
1321,0,local_politics,41.22
1321,4,sport_cultural_events,55.77
1322,0,local_politics,91.75
1323,0,local_politics,65.2
1323,3,crime_news,26.88
1324,0,local_politics,58.29
1324,3,crime_news,20.75
1325,2,education_social,48.51
1325,3,crime_news,43.24
1326,1,justice,51.41
1326,3,crime_news,39.63
1327,0,local_politics,27.46
1327,3,crime_news,71.47
1328,4,sport_cultural_events,98.0
1329,0,local_politics,72.27
1329,3,crime_news,26.5
1330,0,local_politics,67.19
1330,3,crime_news,26.5
1332,1,justice,62.56
1332,2,education_social,28.81
1333,1,justice,89.37
1334,1,justice,89.37
1335,0,local_politics,33.34
1335,1,justice,24.17
1335,3,crime_news,41.12
1336,2,education_social,40.16
1336,3,crime_news,56.87
1337,1,justice,45.9
1337,3,crime_news,50.55
1338,0,local_politics,90.7
1339,3,crime_news,96.78
1340,0,local_politics,59.11
1340,3,crime_news,34.88
1342,4,sport_cultural_events,75.4
1343,3,crime_news,84.24
1344,4,sport_cultural_events,95.16
1345,0,local_politics,96.41
1346,0,local_politics,96.87
1347,0,local_politics,26.57
1347,4,sport_cultural_events,71.49
1348,0,local_politics,36.19
1348,3,crime_news,61.74
1349,0,local_politics,48.77
1349,2,education_social,47.52
1350,0,local_politics,52.46
1350,3,crime_news,46.0
1351,4,sport_cultural_events,85.89
1352,4,sport_cultural_events,76.71
1353,0,local_politics,62.84
1353,3,crime_news,35.52
1354,2,education_social,31.92
1354,3,crime_news,58.59
1355,0,local_politics,73.16
1355,3,crime_news,26.28
1356,0,local_politics,95.26
1357,2,education_social,28.11
1357,3,crime_news,51.72
1358,2,education_social,55.11
1358,3,crime_news,42.33
1359,0,local_politics,62.99
1359,3,crime_news,36.61
1360,0,local_politics,59.32
1360,1,justice,24.4
1362,3,crime_news,62.75
1362,4,sport_cultural_events,20.95
1363,0,local_politics,84.37
1364,0,local_politics,70.4
1365,4,sport_cultural_events,97.03
1366,0,local_politics,97.54
1367,0,local_politics,85.26
1368,0,local_politics,74.12
1369,3,crime_news,86.22
1370,4,sport_cultural_events,96.09
1371,2,education_social,53.63
1371,3,crime_news,30.05
1372,1,justice,38.82
1372,4,sport_cultural_events,46.58
1373,1,justice,25.92
1373,3,crime_news,58.75
1374,2,education_social,26.11
1374,3,crime_news,71.49
1375,2,education_social,52.1
1375,4,sport_cultural_events,28.61
1377,2,education_social,55.11
1377,3,crime_news,28.71
1378,0,local_politics,76.14
1378,3,crime_news,22.57
1379,0,local_politics,95.82
1380,0,local_politics,81.03
1381,2,education_social,38.32
1381,3,crime_news,48.81
1382,4,sport_cultural_events,81.65
1383,4,sport_cultural_events,96.72
1384,1,justice,38.64
1384,4,sport_cultural_events,30.94
1385,1,justice,77.92
1387,0,local_politics,56.03
1387,4,sport_cultural_events,41.37
1388,3,crime_news,87.44
1389,1,justice,97.37
1391,1,justice,55.16
1391,3,crime_news,43.13
1392,0,local_politics,81.49
1393,3,crime_news,95.12
1394,1,justice,82.4
1395,3,crime_news,89.97
1396,3,crime_news,96.98
1397,3,crime_news,90.61
1398,3,crime_news,96.98
1399,1,justice,75.18
1399,2,education_social,22.84
1400,0,local_politics,23.03
1400,1,justice,41.97
1400,2,education_social,31.96
1401,0,local_politics,73.61
1402,0,local_politics,92.59
1403,0,local_politics,88.5
1404,0,local_politics,88.5
1405,0,local_politics,96.64
1406,0,local_politics,96.64
1407,0,local_politics,26.81
1407,1,justice,36.79
1407,3,crime_news,36.29
1408,0,local_politics,46.53
1408,3,crime_news,52.11
1409,0,local_politics,96.64
1410,4,sport_cultural_events,77.64
1411,4,sport_cultural_events,90.32
1412,4,sport_cultural_events,95.16
1413,3,crime_news,96.54
1414,0,local_politics,27.64
1414,3,crime_news,36.08
1414,4,sport_cultural_events,34.88
1416,0,local_politics,46.09
1416,2,education_social,51.6
1417,1,justice,32.49
1417,2,education_social,37.65
1418,4,sport_cultural_events,88.53
1419,1,justice,54.91
1419,3,crime_news,28.71
1420,0,local_politics,91.25
1421,0,local_politics,54.1
1421,4,sport_cultural_events,30.71
1422,3,crime_news,86.14
1423,0,local_politics,69.14
1423,1,justice,28.64
1424,1,justice,43.16
1424,3,crime_news,54.67
1425,3,crime_news,88.28
1426,0,local_politics,84.47
1427,0,local_politics,48.93
1427,3,crime_news,20.75
1427,4,sport_cultural_events,28.78
1428,3,crime_news,96.98
1429,0,local_politics,97.4
1430,0,local_politics,29.57
1430,3,crime_news,69.06
1431,3,crime_news,89.24
1432,0,local_politics,39.58
1432,4,sport_cultural_events,38.14
1433,4,sport_cultural_events,96.88
1434,0,local_politics,85.4
1435,3,crime_news,80.51
1436,0,local_politics,88.5
1437,3,crime_news,78.49
1438,3,crime_news,83.17
1439,3,crime_news,84.24
1440,3,crime_news,90.61
1441,3,crime_news,96.98
1442,4,sport_cultural_events,92.56
1443,0,local_politics,39.78
1443,3,crime_news,44.55
1444,0,local_politics,97.4
1445,0,local_politics,96.07
1446,3,crime_news,83.17
1447,3,crime_news,95.12
1448,2,education_social,42.52
1448,3,crime_news,55.23
1449,0,local_politics,60.46
1450,3,crime_news,26.6
1450,4,sport_cultural_events,57.39
1451,0,local_politics,49.5
1451,3,crime_news,49.44
1452,3,crime_news,23.5
1452,4,sport_cultural_events,66.3
1453,0,local_politics,49.1
1453,3,crime_news,49.0
1454,0,local_politics,23.84
1454,2,education_social,48.75
1455,0,local_politics,35.61
1455,3,crime_news,42.33
1456,0,local_politics,31.21
1456,2,education_social,38.38
1456,4,sport_cultural_events,30.16
1457,0,local_politics,79.27
1458,0,local_politics,96.38
1459,0,local_politics,63.95
1460,0,local_politics,71.7
1460,3,crime_news,25.52
1461,0,local_politics,46.09
1461,2,education_social,51.6
1462,0,local_politics,97.54
1463,0,local_politics,97.54
1464,0,local_politics,21.27
1464,3,crime_news,70.35
1465,0,local_politics,96.64
1466,0,local_politics,97.74
1467,0,local_politics,23.92
1467,4,sport_cultural_events,73.92
1468,3,crime_news,98.78
1469,0,local_politics,65.2
1469,3,crime_news,33.25
1470,4,sport_cultural_events,86.2
1471,0,local_politics,84.32
1472,0,local_politics,69.64
1473,3,crime_news,97.82
1474,0,local_politics,49.73
1474,3,crime_news,49.7
1475,2,education_social,72.47
1476,0,local_politics,98.4
1477,0,local_politics,89.34
1478,0,local_politics,96.87
1479,0,local_politics,96.07
1480,3,crime_news,98.96
1481,1,justice,89.79
1482,0,local_politics,69.64
1482,3,crime_news,21.9
1483,0,local_politics,42.38
1483,3,crime_news,36.94
1484,3,crime_news,91.67
1485,0,local_politics,60.12
1485,3,crime_news,38.11
1486,0,local_politics,20.45
1486,1,justice,77.65
1487,1,justice,54.32
1487,2,education_social,24.54
1488,1,justice,84.81
1489,0,local_politics,31.9
1489,2,education_social,50.14
1490,1,justice,95.08
1491,1,justice,95.08
1492,0,local_politics,40.9
1492,1,justice,58.63
1493,0,local_politics,70.41
1493,1,justice,26.24
1494,0,local_politics,96.87
1495,0,local_politics,98.68
1496,0,local_politics,93.57
1497,2,education_social,38.32
1497,4,sport_cultural_events,47.49
1498,3,crime_news,96.27
1499,0,local_politics,69.64
1499,4,sport_cultural_events,27.75
1500,1,justice,90.89
1501,1,justice,60.24
1501,3,crime_news,33.28
1502,1,justice,66.23
1503,0,local_politics,30.91
1503,1,justice,66.23
1504,1,justice,83.28
1505,0,local_politics,25.28
1505,4,sport_cultural_events,58.37
1506,0,local_politics,44.04
1506,1,justice,53.86
1507,0,local_politics,77.89
1507,3,crime_news,21.13
1508,0,local_politics,67.64
1508,3,crime_news,30.1
1509,0,local_politics,62.12
1509,2,education_social,30.96
1510,0,local_politics,37.33
1510,2,education_social,42.52
1511,0,local_politics,67.43
1511,2,education_social,29.92
1512,0,local_politics,85.99
1513,0,local_politics,97.25
1514,0,local_politics,97.25
1515,2,education_social,91.9
1516,2,education_social,96.98
1517,0,local_politics,96.07
1518,0,local_politics,67.29
1518,3,crime_news,31.26
1519,0,local_politics,81.61
1520,0,local_politics,67.43
1520,3,crime_news,30.81
1521,0,local_politics,96.64
1522,0,local_politics,46.53
1522,3,crime_news,46.45
1523,0,local_politics,44.04
1523,1,justice,37.81
1524,2,education_social,79.8
1525,3,crime_news,85.18
1526,0,local_politics,60.19
1526,1,justice,23.79
1527,0,local_politics,46.53
1527,2,education_social,23.16
1527,3,crime_news,29.5
1528,1,justice,78.29
1529,0,local_politics,96.87
1530,0,local_politics,68.78
1532,0,local_politics,87.51
1533,0,local_politics,39.71
1533,3,crime_news,58.75
1534,0,local_politics,29.57
1534,2,education_social,34.46
1534,3,crime_news,35.15
1535,0,local_politics,77.95
1535,3,crime_news,20.51
1536,2,education_social,78.47
1537,0,local_politics,21.49
1537,3,crime_news,77.28
1538,0,local_politics,95.26
1539,0,local_politics,67.29
1539,1,justice,24.37
1540,4,sport_cultural_events,84.91
1541,0,local_politics,90.06
1542,3,crime_news,78.85
1543,0,local_politics,96.38
1545,3,crime_news,81.94
1546,2,education_social,61.92
1546,4,sport_cultural_events,34.56
1547,0,local_politics,54.74
1547,3,crime_news,22.57
1549,2,education_social,54.5
1549,3,crime_news,31.26
1550,1,justice,58.92
1550,2,education_social,37.23
1551,3,crime_news,96.98
1552,2,education_social,38.86
1552,3,crime_news,52.37
1554,0,local_politics,20.87
1554,2,education_social,47.67
1554,3,crime_news,30.1
1555,2,education_social,54.5
1555,3,crime_news,37.25
1556,3,crime_news,93.21
1557,3,crime_news,89.97
1558,3,crime_news,96.54
1560,0,local_politics,24.36
1560,3,crime_news,74.83
1561,3,crime_news,91.67
1562,3,crime_news,88.68
1563,1,justice,51.41
1563,3,crime_news,46.0
1564,3,crime_news,98.08
1565,3,crime_news,98.08
1566,3,crime_news,70.29
1567,1,justice,24.49
1567,3,crime_news,73.55
1568,2,education_social,95.66
1569,0,local_politics,89.62
1570,3,crime_news,83.21
1571,3,crime_news,62.89
1572,0,local_politics,52.18
1572,2,education_social,40.12
1573,0,local_politics,54.74
1573,4,sport_cultural_events,43.22
1574,0,local_politics,90.06
1575,0,local_politics,84.94
1576,0,local_politics,90.7
1577,0,local_politics,96.87
1578,0,local_politics,97.25
1579,0,local_politics,67.19
1579,4,sport_cultural_events,25.79
1580,0,local_politics,60.09
1580,4,sport_cultural_events,32.52
1581,0,local_politics,96.87
1582,0,local_politics,96.87
1583,0,local_politics,76.99
1583,3,crime_news,20.75
1584,0,local_politics,76.99
1585,0,local_politics,96.87
1586,0,local_politics,20.62
1586,1,justice,39.1
1586,2,education_social,39.13
1588,1,justice,80.61
1589,0,local_politics,75.94
1589,4,sport_cultural_events,22.38
1590,1,justice,49.4
1590,3,crime_news,49.73
1591,0,local_politics,83.26
1592,0,local_politics,67.43
1593,0,local_politics,74.73
1593,2,education_social,22.62
1594,0,local_politics,28.0
1594,2,education_social,50.57
1595,2,education_social,95.95
1596,0,local_politics,47.17
1596,2,education_social,37.33
1597,0,local_politics,28.88
1597,1,justice,55.47
1598,3,crime_news,74.12
1599,0,local_politics,61.85
1599,3,crime_news,36.08
1600,0,local_politics,97.97
1601,1,justice,79.33
1602,0,local_politics,77.95
1603,0,local_politics,80.62
1605,0,local_politics,44.75
1605,2,education_social,52.15
1609,0,local_politics,87.51
1610,0,local_politics,49.22
1610,1,justice,48.11
1611,0,local_politics,99.56
1612,0,local_politics,26.97
1612,2,education_social,70.72
1613,0,local_politics,78.96
1614,2,education_social,22.62
1614,3,crime_news,74.63
1615,0,local_politics,77.6
1615,3,crime_news,21.88
1616,3,crime_news,89.97
1617,1,justice,51.62
1617,3,crime_news,45.42
1618,3,crime_news,97.71
1619,3,crime_news,89.69
1620,0,local_politics,53.98
1620,3,crime_news,43.52
1621,3,crime_news,88.99
1622,4,sport_cultural_events,94.26
1623,0,local_politics,34.95
1623,3,crime_news,63.88
1624,3,crime_news,97.33
1625,0,local_politics,23.03
1625,3,crime_news,74.48
1626,3,crime_news,99.01
1627,3,crime_news,80.61
1628,3,crime_news,85.34
1629,1,justice,29.71
1629,2,education_social,59.14
1630,3,crime_news,33.24
1630,4,sport_cultural_events,47.89
1631,3,crime_news,20.99
1631,4,sport_cultural_events,74.08
1632,0,local_politics,58.98
1632,1,justice,22.25
1633,0,local_politics,52.82
1633,3,crime_news,45.42
1634,0,local_politics,51.5
1634,4,sport_cultural_events,23.66
1635,3,crime_news,48.53
1635,4,sport_cultural_events,46.91
1636,0,local_politics,86.35
1637,0,local_politics,83.2
1638,0,local_politics,53.9
1638,3,crime_news,45.03
1639,3,crime_news,83.17
1640,0,local_politics,63.18
1640,1,justice,35.29
1641,0,local_politics,40.71
1641,3,crime_news,56.79
1642,0,local_politics,95.26
1643,0,local_politics,49.1
1643,4,sport_cultural_events,40.01
1644,2,education_social,52.59
1644,3,crime_news,43.52
1645,0,local_politics,57.04
1645,1,justice,40.97
1646,0,local_politics,45.51
1646,1,justice,51.62
1647,0,local_politics,92.19
1648,3,crime_news,84.69
1649,3,crime_news,96.78
1650,3,crime_news,98.23
1651,3,crime_news,89.23
1652,3,crime_news,96.78
1653,3,crime_news,99.12
1654,3,crime_news,97.6
1655,3,crime_news,86.02
1656,3,crime_news,97.47
1657,3,crime_news,97.47
1658,3,crime_news,92.12
1659,3,crime_news,97.47
1660,3,crime_news,98.3
1664,3,crime_news,88.39
1665,3,crime_news,95.95
1666,3,crime_news,79.19
1667,3,crime_news,96.54
1668,3,crime_news,96.54
1669,3,crime_news,96.54
1670,0,local_politics,65.2
1671,0,local_politics,62.12
1671,1,justice,30.81
1672,3,crime_news,29.5
1672,4,sport_cultural_events,62.62
1673,0,local_politics,24.8
1673,1,justice,69.68
1674,2,education_social,76.42
1675,0,local_politics,98.81
1676,1,justice,81.27
1677,4,sport_cultural_events,94.75
1678,4,sport_cultural_events,89.72
1679,0,local_politics,33.35
1679,2,education_social,31.34
1679,3,crime_news,33.15
1680,4,sport_cultural_events,73.61
1681,4,sport_cultural_events,95.82
1682,4,sport_cultural_events,63.65
1683,0,local_politics,67.43
1683,2,education_social,29.92
1684,0,local_politics,95.26
1685,2,education_social,66.64
1685,3,crime_news,32.98
1686,0,local_politics,96.94
1687,0,local_politics,86.84
1688,3,crime_news,96.78
1689,3,crime_news,94.56
1690,3,crime_news,96.27
1691,3,crime_news,97.47
1692,3,crime_news,96.54
1693,3,crime_news,96.78
1694,0,local_politics,29.29
1694,3,crime_news,45.43
1694,4,sport_cultural_events,24.61
1695,3,crime_news,84.8
1696,3,crime_news,93.85
1697,3,crime_news,87.4
1698,3,crime_news,95.57
1699,3,crime_news,83.17
1700,3,crime_news,80.51
1701,1,justice,73.53
1701,3,crime_news,23.5
1702,0,local_politics,61.05
1703,3,crime_news,84.13
1704,3,crime_news,23.84
1704,4,sport_cultural_events,56.96
1705,0,local_politics,74.73
1706,2,education_social,85.09
1707,0,local_politics,70.41
1707,2,education_social,26.49
1708,0,local_politics,61.85
1709,0,local_politics,93.27
1710,3,crime_news,98.23
1711,4,sport_cultural_events,96.88
1712,4,sport_cultural_events,89.02
1713,2,education_social,89.15
1717,0,local_politics,95.7
1718,0,local_politics,28.8
1718,2,education_social,68.73
1720,0,local_politics,20.36
1720,2,education_social,31.52
1720,3,crime_news,47.56
1721,0,local_politics,82.03
1722,3,crime_news,96.98
1723,3,crime_news,97.91
1724,3,crime_news,97.6
1725,3,crime_news,80.51
1726,0,local_politics,84.94
1727,0,local_politics,97.78
1728,1,justice,41.21
1728,3,crime_news,37.42
1729,3,crime_news,96.78
1730,3,crime_news,81.31
1731,2,education_social,94.44
1732,1,justice,34.49
1732,4,sport_cultural_events,61.79
1733,0,local_politics,52.46
1733,1,justice,32.29
1734,0,local_politics,83.28
1735,0,local_politics,94.71
1736,0,local_politics,42.44
1736,1,justice,22.17
1736,2,education_social,22.19
1737,2,education_social,63.8
1737,3,crime_news,25.36
1738,3,crime_news,87.4
1739,3,crime_news,95.12
1740,0,local_politics,44.94
1740,4,sport_cultural_events,27.23
1741,0,local_politics,32.29
1741,3,crime_news,54.99
1742,0,local_politics,30.52
1742,3,crime_news,55.79
1743,3,crime_news,87.4
1744,3,crime_news,97.6
1745,3,crime_news,80.2
1746,3,crime_news,96.98
1747,2,education_social,55.92
1747,3,crime_news,41.12
1748,2,education_social,87.46
1749,0,local_politics,82.43
1750,2,education_social,94.92
1751,0,local_politics,33.34
1751,2,education_social,32.28
1751,3,crime_news,33.24
1752,0,local_politics,65.61
1752,2,education_social,32.72
1753,4,sport_cultural_events,76.97
1754,0,local_politics,42.42
1754,1,justice,54.91
1755,2,education_social,90.45
1756,0,local_politics,96.64
1757,0,local_politics,52.82
1757,3,crime_news,45.42
1758,0,local_politics,49.39
1758,1,justice,48.51
1759,0,local_politics,52.41
1759,2,education_social,38.42
1760,1,justice,88.14
1761,2,education_social,96.21
1762,1,justice,50.94
1762,3,crime_news,47.35
1763,1,justice,46.71
1763,3,crime_news,51.57
1764,0,local_politics,85.26
1765,0,local_politics,94.09
1766,0,local_politics,97.66
1767,0,local_politics,90.7
1768,0,local_politics,97.07
1769,0,local_politics,60.12
1769,1,justice,37.01
1770,0,local_politics,76.99
1771,0,local_politics,69.14
1771,1,justice,22.99
1772,0,local_politics,82.03
1773,2,education_social,92.65
1774,0,local_politics,96.87
1775,0,local_politics,67.29
1775,2,education_social,30.54
1776,0,local_politics,73.56
1777,0,local_politics,54.74
1777,3,crime_news,43.97
1779,3,crime_news,95.95
1780,0,local_politics,69.64
1780,3,crime_news,28.71
1781,0,local_politics,27.64
1781,3,crime_news,70.29
1782,4,sport_cultural_events,87.28
1783,0,local_politics,62.12
1783,4,sport_cultural_events,35.94
1784,0,local_politics,93.27
1785,0,local_politics,86.1
1786,0,local_politics,95.7
1787,0,local_politics,46.53
1787,2,education_social,45.77
1788,0,local_politics,27.46
1788,4,sport_cultural_events,70.85
1789,0,local_politics,74.79
1789,3,crime_news,23.84
1790,1,justice,25.36
1790,3,crime_news,73.61
1792,3,crime_news,95.57
1793,0,local_politics,49.45
1793,3,crime_news,49.38
1794,3,crime_news,96.78
1795,4,sport_cultural_events,82.87
1796,4,sport_cultural_events,87.12
1797,0,local_politics,89.34
1798,0,local_politics,65.2
1798,2,education_social,32.48
1799,0,local_politics,45.09
1799,1,justice,53.18
1800,1,justice,80.61
1801,0,local_politics,97.66
1802,0,local_politics,97.25
1803,0,local_politics,82.03
1804,0,local_politics,69.14
1804,3,crime_news,29.5
1805,2,education_social,86.12
1806,0,local_politics,25.46
1806,2,education_social,63.8
1807,0,local_politics,49.1
1807,3,crime_news,49.0
1808,0,local_politics,78.96
1809,0,local_politics,33.34
1809,3,crime_news,64.75
1810,3,crime_news,96.27
1811,4,sport_cultural_events,90.21
1812,4,sport_cultural_events,79.4
1813,0,local_politics,67.19
1813,4,sport_cultural_events,25.79
1814,3,crime_news,86.02
1815,3,crime_news,46.0
1815,4,sport_cultural_events,25.99
1816,1,justice,72.44
1817,0,local_politics,71.58
1817,2,education_social,26.11
1818,1,justice,44.41
1818,3,crime_news,50.75
1819,0,local_politics,54.28
1819,4,sport_cultural_events,43.87
1820,4,sport_cultural_events,96.88
1821,0,local_politics,23.07
1821,4,sport_cultural_events,74.56
1822,0,local_politics,28.04
1822,4,sport_cultural_events,71.58
1823,0,local_politics,61.9
1823,1,justice,25.53
1824,1,justice,82.68
1825,1,justice,93.92
1826,3,crime_news,88.39
1827,3,crime_news,95.95
1828,2,education_social,26.2
1828,4,sport_cultural_events,56.17
1829,1,justice,32.74
1829,4,sport_cultural_events,43.61
1830,0,local_politics,71.58
1830,4,sport_cultural_events,25.99
1831,4,sport_cultural_events,96.32
1832,0,local_politics,96.57
1833,0,local_politics,91.43
1834,0,local_politics,90.06
1835,3,crime_news,90.61
1836,2,education_social,95.32
1837,2,education_social,93.16
1838,0,local_politics,25.46
1838,2,education_social,32.28
1838,3,crime_news,41.12
1839,3,crime_news,97.71
1840,3,crime_news,96.91
1841,3,crime_news,86.22
1842,3,crime_news,97.17
1843,3,crime_news,96.27
1844,3,crime_news,98.0
1845,3,crime_news,37.25
1845,4,sport_cultural_events,60.38
1846,0,local_politics,33.34
1846,1,justice,24.17
1846,2,education_social,40.16
1848,4,sport_cultural_events,88.21
1849,1,justice,88.14
1850,0,local_politics,82.03
1851,0,local_politics,86.35
1852,0,local_politics,52.7
1852,1,justice,46.93
1853,0,local_politics,96.64
1854,0,local_politics,25.46
1854,1,justice,71.45
1855,4,sport_cultural_events,81.65
1856,3,crime_news,97.71
1857,0,local_politics,90.52
1858,4,sport_cultural_events,93.67
1859,2,education_social,81.75
1860,0,local_politics,64.3
1860,3,crime_news,22.89
1861,4,sport_cultural_events,94.26
1862,1,justice,26.88
1862,4,sport_cultural_events,66.02
1863,3,crime_news,95.12
1864,3,crime_news,96.98
1866,3,crime_news,95.12
1867,1,justice,26.23
1867,3,crime_news,63.58
1868,3,crime_news,96.78
1869,3,crime_news,95.57
1870,3,crime_news,62.18
1870,4,sport_cultural_events,25.56
1871,3,crime_news,89.97
1872,3,crime_news,95.95
1873,4,sport_cultural_events,96.72
1874,0,local_politics,36.28
1874,2,education_social,48.9
1875,0,local_politics,97.97
1876,3,crime_news,98.08
1877,0,local_politics,70.37
1877,2,education_social,20.6
1878,3,crime_news,94.92
1879,0,local_politics,96.07
1880,0,local_politics,20.87
1880,2,education_social,66.38
1881,0,local_politics,90.7
1882,0,local_politics,90.06
1883,0,local_politics,54.74
1883,3,crime_news,33.27
1884,0,local_politics,94.09
1885,0,local_politics,96.64
1886,0,local_politics,97.54
1887,0,local_politics,96.38
1888,0,local_politics,67.43
1888,2,education_social,22.62
1890,0,local_politics,30.12
1890,4,sport_cultural_events,68.04
1891,0,local_politics,97.4
1892,0,local_politics,22.64
1892,2,education_social,75.46
1893,4,sport_cultural_events,95.52
1894,0,local_politics,31.34
1894,1,justice,30.36
1894,3,crime_news,31.26
1895,0,local_politics,95.04
1896,0,local_politics,95.04
1897,3,crime_news,89.1
1898,3,crime_news,84.8
1899,3,crime_news,95.12
1900,3,crime_news,74.72
1901,3,crime_news,95.12
1902,3,crime_news,96.78
1903,3,crime_news,95.57
1904,3,crime_news,96.78
1905,3,crime_news,97.47
1906,3,crime_news,95.95
1907,3,crime_news,74.48
1907,4,sport_cultural_events,21.44
1908,3,crime_news,89.24
1909,2,education_social,22.62
1909,3,crime_news,74.63
1910,3,crime_news,79.19
1911,0,local_politics,22.0
1911,3,crime_news,69.55
1912,3,crime_news,89.97
1913,3,crime_news,78.85
1914,3,crime_news,95.57
1915,3,crime_news,97.47
1916,3,crime_news,96.78
1917,3,crime_news,73.55
1917,4,sport_cultural_events,24.54
1918,3,crime_news,91.17
1919,3,crime_news,96.27
1920,3,crime_news,94.46
1921,3,crime_news,95.57
1922,0,local_politics,37.33
1922,3,crime_news,55.23
1923,3,crime_news,96.54
1924,3,crime_news,98.64
1925,2,education_social,47.67
1925,3,crime_news,48.81
1926,3,crime_news,96.27
1927,1,justice,26.24
1927,3,crime_news,70.29
1928,3,crime_news,99.25
1929,3,crime_news,90.61
1930,3,crime_news,96.98
1931,3,crime_news,85.18
1932,3,crime_news,99.34
1933,3,crime_news,96.98
1934,3,crime_news,95.95
1935,3,crime_news,95.95
1936,3,crime_news,91.67
1937,3,crime_news,95.57
1938,3,crime_news,93.51
1939,3,crime_news,95.57
1940,0,local_politics,26.1
1940,2,education_social,41.62
1941,0,local_politics,72.74
1941,2,education_social,24.4
1942,0,local_politics,92.59
1943,0,local_politics,86.84
1944,3,crime_news,93.51
1945,3,crime_news,98.16
1946,3,crime_news,92.88
1947,2,education_social,41.12
1947,4,sport_cultural_events,35.94
1948,4,sport_cultural_events,97.61
1949,4,sport_cultural_events,97.61
1950,0,local_politics,97.25
1951,0,local_politics,63.49
1951,3,crime_news,35.15
1952,3,crime_news,91.67
1953,4,sport_cultural_events,83.34
1954,3,crime_news,33.25
1954,4,sport_cultural_events,64.22
1955,2,education_social,28.81
1955,3,crime_news,63.41
1956,3,crime_news,96.78
1957,0,local_politics,99.04
1958,3,crime_news,99.23
1959,3,crime_news,96.78
1960,1,justice,41.3
1960,3,crime_news,49.13
1961,0,local_politics,22.0
1961,1,justice,75.33
1962,1,justice,96.26
1963,1,justice,90.27
1964,0,local_politics,30.23
1964,3,crime_news,67.51
1965,4,sport_cultural_events,94.75
1966,4,sport_cultural_events,86.2
1967,0,local_politics,23.6
1967,3,crime_news,23.5
1967,4,sport_cultural_events,51.69
1968,0,local_politics,96.07
1969,0,local_politics,20.59
1969,2,education_social,64.35
1970,3,crime_news,96.98
1971,3,crime_news,96.78
1972,0,local_politics,96.64
1973,3,crime_news,80.92
1975,0,local_politics,95.7
1976,4,sport_cultural_events,96.32
1977,0,local_politics,48.69
1977,4,sport_cultural_events,46.91
1978,0,local_politics,97.78
1980,0,local_politics,23.92
1980,2,education_social,62.73
1981,2,education_social,79.68
1982,4,sport_cultural_events,95.16
1983,4,sport_cultural_events,81.65
1984,0,local_politics,86.84
1985,1,justice,24.76
1985,3,crime_news,45.24
1986,1,justice,34.16
1986,3,crime_news,59.05
1987,0,local_politics,33.34
1987,1,justice,65.95
1990,2,education_social,29.92
1990,3,crime_news,67.33
1991,2,education_social,49.6
1991,3,crime_news,30.66
1992,0,local_politics,91.75
1993,2,education_social,48.31
1993,3,crime_news,49.13
1994,3,crime_news,44.63
1994,4,sport_cultural_events,51.98
1995,2,education_social,95.66
1996,0,local_politics,28.8
1996,2,education_social,61.92
1997,1,justice,26.3
1997,3,crime_news,65.83
1998,3,crime_news,90.61
1999,1,justice,23.7
1999,3,crime_news,34.73
1999,4,sport_cultural_events,34.43
2000,0,local_politics,84.32
2002,3,crime_news,52.72
2002,4,sport_cultural_events,37.09
2003,3,crime_news,87.49
2005,2,education_social,75.42
2006,0,local_politics,92.59
2007,0,local_politics,97.66
2008,0,local_politics,23.92
2008,2,education_social,68.38
2009,0,local_politics,93.13
2010,0,local_politics,92.94
2011,0,local_politics,76.95
2012,0,local_politics,30.84
2012,4,sport_cultural_events,56.49
2013,1,justice,63.57
2013,3,crime_news,25.36
2014,3,crime_news,97.71
2015,2,education_social,38.98
2015,4,sport_cultural_events,60.11
2016,0,local_politics,23.6
2016,2,education_social,73.75
2017,3,crime_news,96.78
2018,1,justice,73.53
2019,0,local_politics,97.07
2021,0,local_politics,52.46
2021,1,justice,45.04
2022,2,education_social,27.17
2022,3,crime_news,61.13
2023,0,local_politics,87.51
2024,0,local_politics,83.26
2025,3,crime_news,96.27
2026,2,education_social,29.92
2026,3,crime_news,67.33
2027,3,crime_news,68.46
2027,4,sport_cultural_events,29.87
2028,3,crime_news,97.47
2029,3,crime_news,97.47
2030,3,crime_news,88.05
2031,3,crime_news,92.12
2032,3,crime_news,96.27
2033,3,crime_news,92.05
2034,3,crime_news,92.77
2035,3,crime_news,91.51
2038,3,crime_news,80.51
2039,0,local_politics,23.6
2039,2,education_social,22.62
2039,3,crime_news,52.72
2040,0,local_politics,96.07
2041,0,local_politics,96.38
2042,0,local_politics,96.38
2043,0,local_politics,46.09
2043,3,crime_news,52.37
2044,0,local_politics,39.71
2044,3,crime_news,58.75
2045,4,sport_cultural_events,96.72
2046,0,local_politics,64.86
2046,1,justice,32.05
2047,0,local_politics,55.61
2047,1,justice,39.14
2048,0,local_politics,57.83
2048,1,justice,28.64
2049,0,local_politics,70.41
2050,0,local_politics,24.12
2050,3,crime_news,56.33
2051,3,crime_news,90.62
2052,0,local_politics,97.25
2053,0,local_politics,95.7
2054,3,crime_news,88.39
2055,0,local_politics,50.57
2055,1,justice,23.74
2056,0,local_politics,79.27
2057,0,local_politics,96.64
2058,4,sport_cultural_events,69.09
2059,0,local_politics,83.3
2060,0,local_politics,76.14
2062,4,sport_cultural_events,75.4
2063,0,local_politics,36.19
2063,1,justice,43.34
2064,0,local_politics,46.53
2064,1,justice,51.25
2065,2,education_social,49.47
2065,4,sport_cultural_events,49.43
2066,3,crime_news,96.54
2067,3,crime_news,95.57
2068,3,crime_news,95.57
2069,3,crime_news,95.95
2070,2,education_social,48.67
2070,3,crime_news,38.62
2071,1,justice,95.53
2072,0,local_politics,95.7
2073,0,local_politics,95.7
2074,4,sport_cultural_events,96.53
2075,3,crime_news,92.52
2076,0,local_politics,89.34
2077,0,local_politics,60.12
2077,2,education_social,37.23
2078,0,local_politics,61.35
2078,3,crime_news,26.72
2079,0,local_politics,49.1
2079,1,justice,32.05
2080,3,crime_news,76.36
2081,1,justice,27.04
2081,3,crime_news,68.2
2082,3,crime_news,97.91
2083,4,sport_cultural_events,86.2
2084,0,local_politics,26.97
2084,4,sport_cultural_events,70.6
2085,1,justice,69.81
2086,0,local_politics,85.38
2087,0,local_politics,64.86
2087,1,justice,32.05
2088,0,local_politics,72.74
2088,1,justice,24.17
2089,1,justice,94.66
2090,4,sport_cultural_events,97.03
2091,0,local_politics,61.85
2091,3,crime_news,36.08
2092,1,justice,46.97
2092,3,crime_news,43.86
2093,0,local_politics,95.29
2094,0,local_politics,53.3
2094,3,crime_news,44.63
2095,0,local_politics,62.84
2095,3,crime_news,35.52
